mass ratio,period(days),semi-major axis(AU),cos_i,eccentricity,arg periastron,phase,Projected Semparation(AU),Model Contrast,AO Rejected 1,Projected Separation(AU),DeltaG,Predicted RUWE,RUWE Rejected,RUWE Rejection Prob,Full Rejected
0.468030971952751,87463337.18159717,3696.079197973574,0.20889102410631577,0.3689120088164384,0.4078313357827904,4.886141478908775,2069.605987059997,2.0166238645857852,0.0,2069.605987059997,3.0949686497034747,1.0558382380832754,0.0,0.0,0.0
0.41108236726526115,2675824.942520193,356.80813977283435,0.3216456600477394,0.6844397748452606,0.6000368093595565,3.5679715179407623,256.2510337055289,2.2583776472614767,1.0,256.2510337055289,3.4872591130932484,1.1955845081597758,0.0,0.08376332274527143,1.0
0.3469894643570629,643.9804568973541,1.359300128704012,0.19943916487070612,0.5389,1.7072589001014988,0.7783241889747751,0.7997098898310425,2.5773544289589436,0.0,0.7997098898310425,3.9287630747763718,1.1865572018270132,0.0,0.0,0.0
