mass ratio,period(days),semi-major axis(AU),cos_i,eccentricity,arg periastron,phase,Projected Separation(AU),Model Contrast
0.04475755328229736,692201.6828908751,131.05062814315173,0.031183975635926453,0.6352518175561328,0.5588663060158023,4.848563436453592,150.40968167238177,inf
