mass ratio,period(days),semi-major axis(AU),cos_i,eccentricity,arg periastron,phase,Projected Semparation(AU),Model Contrast,AO Rejected 1,Full Rejected
0.4745796419317627,53581.583114249464,26.700041626285206,0.9284540208518985,0.9828631852686489,1.947728198859824,0.3269440836103736,38.4042597314823,1.989761973419803,1.0,1.0
0.04475755328229736,692201.6828908751,131.05062814315173,0.031183975635926453,0.6352518175561328,0.5588663060158023,4.848563436453592,150.40968167238177,inf,0.0,0.0
0.46847450302050575,130472.59234979075,48.259242146087736,0.8257833297279764,0.8349355526880651,0.8994194398380195,3.0973719798640333,74.8417818988507,2.0098874870018104,1.0,1.0
