mass ratio,period(days),semi-major axis(AU),cos_i,eccentricity,arg periastron,phase,Projected Semparation(AU),Model Contrast,AO Rejected 1,Projected Separation(AU),DeltaG,Predicted RUWE,RUWE Rejected,RUWE Rejection Prob,Gaia Rejected,Full Rejected
0.5723304858909573,726265.2548749899,155.0685133379382,0.9550564773901576,0.8102620192268418,0.03391908098466844,4.447641165596251,245.8834706697882,1.6047135334597407,1.0,245.8834706697882,2.5006967349813216,1.4376705622879582,0.0,0.1957174374401942,0.0,1.0
0.29431966644530394,667166.2261478783,137.33525929858743,0.9687831678001669,0.060165707641818146,2.7772150749973585,1.5602387943057132,142.48676818448197,2.9112807990557172,1.0,142.48676818448197,4.445645356386732,1.5138357942145892,0.0,0.23037147748122733,0.0,1.0
0.5077113236885831,2725.11025024934,3.692390431757018,0.9611663850214507,0.4736506051016715,2.346456907823988,1.9417220180406098,5.324423416286694,1.857723325787405,1.0,5.324423416286694,2.8335758871506336,1.1670754051121697,0.0,0.0681944951722635,0.0,1.0
