mass ratio,period(days),semi-major axis(AU),cos_i,eccentricity,arg periastron,phase,Projected Separation(AU),Model Contrast
0.39139649717597735,104.15241537620811,0.4078890366640822,0.16114708108355502,0.2418,2.827250652612492,1.2078422937452862,0.20056907524197554,2.3521400465207236
0.3621967304757001,2024.6300100060384,2.9281223819225866,0.45261489994182014,0.5666236921998434,2.2212427260624206,4.463676670312289,0.6673516199663739,2.49554488642098
