mass ratio,period(days),semi-major axis(AU),cos_i,eccentricity,arg periastron,phase,Projected Semparation(AU),Model Contrast,AO Rejected 1,Full Rejected
0.43787531774776756,2028.5285422370641,2.985199255275358,0.20775654442938463,0.2721252983851826,2.664187486434738,2.1185032279124267,0.9402586827054532,2.1409980197703558,0.0,0.0
0.4255868550901942,58.87144733310439,0.28111231339720705,0.8036120809489756,0.15789999999999998,1.47708274860557,5.145669130832998,0.22675920062699004,2.1914071206560966,0.0,0.0
0.4375191409694267,111629.05965474047,43.185195443391535,0.37183558848704024,0.8722937873629656,0.4298537474099988,6.009329031201623,13.446594527606496,2.1409980197703558,1.0,1.0
